{
    "model_name": "Linear Regression",
    "features": [
        "Gender_Numeric",
        "Wiek",
        "5 km Tempo",
        "Tempo Stabilno\u015b\u0107"
    ],
    "mae": 0.06527741155282213,
    "rmse": 0.10073632083305195,
    "r2": 0.9890699894472708,
    "training_date": "2025-10-13 11:38:11",
    "training_samples": 14302
}