{
    "total_participants": 17878,
    "mean_tempo": 5.83942160344582,
    "median_tempo": 5.719364778383504,
    "std_tempo": 0.9561173634059061,
    "min_tempo": 3.036264517658213,
    "max_tempo": 9.885438887572096,
    "percentiles": {
        "1": 3.951236469937584,
        "2": 4.139211503515841,
        "3": 4.241921466382239,
        "4": 4.326586078849648,
        "5": 4.414039661847199,
        "6": 4.476574227700087,
        "7": 4.539780358694794,
        "8": 4.607979774038083,
        "9": 4.659872007584736,
        "10": 4.70411629928103,
        "11": 4.734139211503516,
        "12": 4.776803349924943,
        "13": 4.814734929288142,
        "14": 4.85660109030576,
        "15": 4.897685075452319,
        "16": 4.926127834399937,
        "17": 4.954570593347555,
        "18": 4.980643122382872,
        "19": 5.006715651418188,
        "20": 5.03594848700324,
        "21": 5.061230939401122,
        "22": 5.090463774986174,
        "23": 5.122066840483528,
        "24": 5.14614837639251,
        "25": 5.170261515366991,
        "26": 5.193963814490005,
        "27": 5.216085960338153,
        "28": 5.238998182823734,
        "29": 5.266650865133918,
        "30": 5.292723394169235,
        "31": 5.317215769929684,
        "32": 5.3472386821521685,
        "33": 5.374101287824919,
        "34": 5.397803586947934,
        "35": 5.41988622896421,
        "36": 5.442047878644229,
        "37": 5.464170024492376,
        "38": 5.487082246977957,
        "39": 5.506857865212926,
        "40": 5.52800821679703,
        "41": 5.548708224697796,
        "42": 5.570040293908509,
        "43": 5.588212056569487,
        "44": 5.608754049142767,
        "45": 5.627715888441179,
        "46": 5.648257881014459,
        "47": 5.664059413763136,
        "48": 5.680651023149246,
        "49": 5.69803270917279,
        "50": 5.719364778383504,
        "51": 5.743067077506519,
        "52": 5.766769376629534,
        "53": 5.793631982302284,
        "54": 5.818124358062732,
        "55": 5.8444734139211505,
        "56": 5.874314608517027,
        "57": 5.902662558268152,
        "58": 5.930315240578336,
        "59": 5.952437386426484,
        "60": 5.976929762186932,
        "61": 6.00537252113455,
        "62": 6.033815280082168,
        "63": 6.059097732480051,
        "64": 6.085170261515367,
        "65": 6.113613020462986,
        "66": 6.142845856048037,
        "67": 6.169708461720787,
        "68": 6.195780990756104,
        "69": 6.225116536304021,
        "70": 6.2558268152010745,
        "71": 6.287429880698428,
        "72": 6.319823022833216,
        "73": 6.350636011693135,
        "74": 6.386963735482342,
        "75": 6.420952832424746,
        "76": 6.459666587659003,
        "77": 6.495449158568381,
        "78": 6.533933791577783,
        "79": 6.578178083274079,
        "80": 6.620842221695505,
        "81": 6.662716283479498,
        "82": 6.706960575175793,
        "83": 6.753575096784388,
        "84": 6.802307023781307,
        "85": 6.85075452318875,
        "86": 6.90447973453425,
        "87": 6.966887888125148,
        "88": 7.015880540412421,
        "89": 7.079086671407127,
        "90": 7.133048905743858,
        "91": 7.206289010033974,
        "92": 7.274235600853284,
        "93": 7.358773801058703,
        "94": 7.45516315082563,
        "95": 7.583274077585524,
        "96": 7.713455005135497,
        "97": 7.865212925653789,
        "98": 8.088014537410128,
        "99": 8.389215453899029,
        "100": 9.885438887572096
    },
    "by_gender": {
        "Kobieta": {
            "count": 5154,
            "mean_tempo": 6.312725056488026,
            "median_tempo": 6.2427905506834165,
            "std_tempo": 0.8957918280574694,
            "min_tempo": 3.571146401200917,
            "max_tempo": 9.885438887572096,
            "percentiles": {
                "5": 4.985897132021806,
                "10": 5.232914592715494,
                "25": 5.672157699296832,
                "50": 6.2427905506834165,
                "75": 6.870308919965237,
                "90": 7.493086829422454,
                "95": 7.9395591372363095
            }
        },
        "Mężczyzna": {
            "count": 12724,
            "mean_tempo": 5.647704690762738,
            "median_tempo": 5.552658607884965,
            "std_tempo": 0.9121259607152965,
            "min_tempo": 3.036264517658213,
            "max_tempo": 9.593110531721578,
            "percentiles": {
                "5": 4.296555265860789,
                "10": 4.579995259540175,
                "25": 5.019159358457771,
                "50": 5.552658607884965,
                "75": 6.162597771983883,
                "90": 6.900845382002056,
                "95": 7.353243264596666
            }
        }
    }
}